{"name":"sbt","version":"1.5.5","bspVersion":"2.0.0-M5","languages":["scala"],"argv":["/Users/mohg/Library/Java/JavaVirtualMachines/openjdk-17.0.1/Contents/Home/bin/java","-Xms100m","-Xmx100m","-classpath","/Users/mohg/Library/Application Support/JetBrains/Toolbox/apps/IDEA-U/ch-0/221.5787.30/IntelliJ IDEA.app.plugins/Scala/launcher/sbt-launch.jar","xsbt.boot.Boot","-bsp","--sbt-launch-jar=/Users/mohg/Library/Application%20Support/JetBrains/Toolbox/apps/IDEA-U/ch-0/221.5787.30/IntelliJ%20IDEA.app.plugins/Scala/launcher/sbt-launch.jar"]}